-- phpMyAdmin SQL Dump
-- version 5.0.2
-- https://www.phpmyadmin.net/
--
-- Host: 127.0.0.1
-- Generation Time: Dec 26, 2020 at 02:35 PM
-- Server version: 10.4.13-MariaDB
-- PHP Version: 7.4.8

SET SQL_MODE = "NO_AUTO_VALUE_ON_ZERO";
START TRANSACTION;
SET time_zone = "+00:00";


/*!40101 SET @OLD_CHARACTER_SET_CLIENT=@@CHARACTER_SET_CLIENT */;
/*!40101 SET @OLD_CHARACTER_SET_RESULTS=@@CHARACTER_SET_RESULTS */;
/*!40101 SET @OLD_COLLATION_CONNECTION=@@COLLATION_CONNECTION */;
/*!40101 SET NAMES utf8mb4 */;

--
-- Database: `apotek`
--

-- --------------------------------------------------------

--
-- Table structure for table `category`
--

CREATE TABLE `category` (
  `id` bigint(20) UNSIGNED NOT NULL,
  `name` varchar(191) COLLATE utf8mb4_unicode_ci NOT NULL,
  `status` varchar(255) COLLATE utf8mb4_unicode_ci NOT NULL DEFAULT 'active',
  `created_at` timestamp NULL DEFAULT NULL,
  `updated_at` timestamp NULL DEFAULT NULL
) ENGINE=InnoDB DEFAULT CHARSET=utf8mb4 COLLATE=utf8mb4_unicode_ci;

--
-- Dumping data for table `category`
--

INSERT INTO `category` (`id`, `name`, `status`, `created_at`, `updated_at`) VALUES
(12, 'ANTI-RHEUMATIC/INFLAMATORY', 'active', '2020-10-23 04:53:24', '2020-10-23 04:53:24'),
(13, 'ANTIBIOTIC', 'active', '2020-10-23 04:53:32', '2020-10-23 04:53:32'),
(14, 'CORTICOSTEROID', 'active', '2020-10-23 04:53:49', '2020-10-23 04:53:49'),
(15, 'ANTIHISTAMINE', 'active', '2020-10-23 04:54:03', '2020-10-23 04:54:03'),
(16, 'DIURETIC', 'active', '2020-10-23 04:54:13', '2020-10-23 04:54:13'),
(17, 'ANAESTHETIC', 'active', '2020-10-23 04:54:35', '2020-10-23 04:54:35'),
(18, 'COUGH&COLD', 'active', '2020-10-23 04:54:51', '2020-10-23 04:54:51'),
(19, 'ANTIPASMODIC', 'active', '2020-10-23 04:55:11', '2020-10-23 04:55:11'),
(20, 'URINARY ANTISEPTIC', 'active', '2020-10-23 04:55:29', '2020-10-23 04:55:29'),
(21, 'ANTIFUNGAL', 'active', '2020-10-23 04:56:04', '2020-10-23 04:56:04'),
(22, 'ANTIEMETIC', 'active', '2020-10-23 04:56:25', '2020-10-23 04:56:25'),
(23, 'ANTIVIRAL', 'active', '2020-10-23 04:56:35', '2020-10-23 04:56:35'),
(24, 'ANTIDIABETIC AGENTS', 'active', '2020-10-23 04:56:54', '2020-10-23 04:56:54'),
(25, 'ANTIASTHMATIC', 'active', '2020-10-23 04:57:20', '2020-10-23 04:57:20'),
(26, 'EYE ANTI-INFECTIVE', 'active', '2020-10-23 04:57:42', '2020-10-23 04:57:42'),
(27, 'OESTROGEN/PROGESTERONE', 'active', '2020-10-27 19:15:42', '2020-10-27 19:15:42'),
(28, 'GOUT', 'active', '2020-10-27 19:18:56', '2020-10-27 19:18:56'),
(29, 'ACNE', 'active', '2020-10-28 01:38:24', '2020-10-28 01:38:24'),
(30, 'ANTIULCERANT', 'active', '2020-10-28 01:50:04', '2020-10-28 01:50:04'),
(31, 'NASAL SPRAY', 'active', '2020-10-29 01:37:48', '2020-10-29 01:37:48'),
(32, 'ANTISEPTIC', 'active', '2020-10-29 01:43:55', '2020-10-29 01:43:55'),
(33, 'ANTI-HIPERTENSIVES', 'active', '2020-11-01 15:17:35', '2020-11-01 15:17:49'),
(34, 'CALCIUM ANTAGONIST', 'active', '2020-11-03 02:24:27', '2020-11-03 02:24:27'),
(35, 'ANTI-HELMINTIK', 'active', '2020-11-05 18:06:42', '2020-11-05 18:06:42'),
(36, 'ANTIOBESITY', 'active', '2020-11-05 18:10:43', '2020-11-05 18:10:43'),
(37, 'EYE DROP', 'active', '2020-11-07 00:45:58', '2020-11-07 00:45:58'),
(38, 'test', 'nonactive', '2020-11-10 22:45:28', '2020-11-10 22:49:04');

-- --------------------------------------------------------

--
-- Table structure for table `kartu_stok`
--

CREATE TABLE `kartu_stok` (
  `id` bigint(20) UNSIGNED NOT NULL,
  `date` date NOT NULL,
  `obat_id` int(11) NOT NULL,
  `stock_awal` int(11) NOT NULL,
  `masuk` int(11) NOT NULL,
  `keluar` int(11) NOT NULL,
  `sisa` int(11) NOT NULL,
  `created_at` timestamp NULL DEFAULT NULL,
  `updated_at` timestamp NULL DEFAULT NULL
) ENGINE=InnoDB DEFAULT CHARSET=utf8mb4 COLLATE=utf8mb4_unicode_ci;

--
-- Dumping data for table `kartu_stok`
--

INSERT INTO `kartu_stok` (`id`, `date`, `obat_id`, `stock_awal`, `masuk`, `keluar`, `sisa`, `created_at`, `updated_at`) VALUES
(1, '2020-12-09', 46, 11, 0, 4, 7, '2020-12-09 06:01:49', '2020-12-09 06:09:22'),
(2, '2020-12-09', 53, 8, 0, 2, 6, '2020-12-09 06:01:49', '2020-12-09 06:01:49'),
(3, '2020-12-09', 26, 16, 0, 1, 15, '2020-12-09 06:01:49', '2020-12-09 06:01:49'),
(4, '2020-12-09', 37, 167, 0, 1, 166, '2020-12-09 06:01:49', '2020-12-09 06:01:49'),
(5, '2020-12-09', 54, 16, 0, 4, 12, '2020-12-09 06:09:22', '2020-12-09 06:09:22'),
(6, '2020-12-09', 55, 10, 0, 1, 9, '2020-12-09 06:09:22', '2020-12-09 06:09:22'),
(7, '2020-12-09', 56, 7, 0, 1, 6, '2020-12-09 06:09:22', '2020-12-09 06:09:22'),
(8, '2020-12-09', 57, 30, 0, 4, 26, '2020-12-09 06:10:39', '2020-12-09 06:13:44'),
(9, '2020-12-09', 32, 20, 0, 2, 18, '2020-12-09 06:10:39', '2020-12-09 06:10:39'),
(10, '2020-12-09', 58, 27, 0, 2, 25, '2020-12-09 06:10:39', '2020-12-09 06:10:39'),
(11, '2020-12-09', 59, 17, 0, 1, 16, '2020-12-09 06:13:44', '2020-12-09 06:13:44'),
(12, '2020-12-09', 60, 40, 0, 20, 20, '2020-12-09 06:13:44', '2020-12-09 06:13:44'),
(13, '2020-12-09', 61, 8, 0, 1, 7, '2020-12-09 06:13:44', '2020-12-09 06:13:44'),
(14, '2020-12-09', 62, 20, 0, 1, 19, '2020-12-09 06:13:44', '2020-12-09 06:13:44'),
(15, '2020-12-09', 49, 90, 0, 10, 80, '2020-12-09 06:27:56', '2020-12-09 06:27:56'),
(16, '2020-12-09', 63, 80, 0, 90, 70, '2020-12-09 06:27:56', '2020-12-09 06:40:22'),
(17, '2020-12-09', 39, 18, 0, 1, 17, '2020-12-09 06:30:20', '2020-12-09 06:30:20'),
(18, '2020-12-09', 38, 80, 0, 10, 70, '2020-12-09 06:34:00', '2020-12-09 06:34:00'),
(19, '2020-12-09', 51, 30, 0, 20, 10, '2020-12-09 06:34:00', '2020-12-09 06:34:00'),
(20, '2020-12-09', 34, 100, 0, 2, 98, '2020-12-09 06:36:30', '2020-12-09 06:36:30'),
(21, '2020-12-09', 33, 200, 0, 20, 180, '2020-12-09 06:36:30', '2020-12-09 06:36:30'),
(22, '2020-12-09', 64, 9, 0, 2, 7, '2020-12-09 06:40:22', '2020-12-09 06:40:22'),
(23, '2020-12-09', 65, 6, 0, 1, 5, '2020-12-09 06:40:22', '2020-12-09 06:40:22'),
(24, '2020-12-09', 66, 11, 0, 1, 10, '2020-12-09 06:40:22', '2020-12-09 06:40:22'),
(25, '2020-12-10', 67, 10, 0, 10, 0, '2020-12-09 20:22:01', '2020-12-09 20:22:01'),
(26, '2020-12-10', 18, 160, 0, 10, 150, '2020-12-10 06:59:25', '2020-12-10 06:59:25'),
(27, '2020-12-11', 39, 17, 0, 1, 16, '2020-12-11 04:38:44', '2020-12-11 04:38:44'),
(28, '2020-12-11', 33, 180, 0, 50, 130, '2020-12-11 04:38:44', '2020-12-11 04:38:44'),
(29, '2020-12-11', 57, 26, 0, 2, 24, '2020-12-11 04:39:42', '2020-12-11 05:54:34'),
(30, '2020-12-11', 22, 37, 0, 20, 17, '2020-12-11 04:39:42', '2020-12-11 05:54:34'),
(31, '2020-12-11', 69, 30, 0, 6, 24, '2020-12-11 06:29:29', '2020-12-11 06:29:29'),
(32, '2020-12-11', 70, 5, 0, 1, 4, '2020-12-11 06:29:29', '2020-12-11 06:29:29'),
(33, '2020-12-11', 46, 7, 0, 5, 2, '2020-12-11 06:29:29', '2020-12-11 06:29:29'),
(34, '2020-12-11', 43, 9, 0, 1, 8, '2020-12-11 06:29:29', '2020-12-11 06:29:29'),
(35, '2020-12-11', 71, 45, 0, 25, 20, '2020-12-11 07:00:36', '2020-12-11 07:00:36'),
(36, '2020-12-12', 71, 75, 0, 75, 0, '2020-12-12 03:48:27', '2020-12-12 05:20:52'),
(37, '2020-12-12', 52, 70, 0, 20, 50, '2020-12-12 03:49:03', '2020-12-12 04:19:12'),
(38, '2020-12-12', 55, 9, 0, 1, 8, '2020-12-12 03:50:13', '2020-12-12 03:50:13'),
(39, '2020-12-12', 46, 2, 0, 4, 47, '2020-12-12 03:50:13', '2020-12-12 04:15:06'),
(40, '2020-12-12', 72, 30, 0, 6, 24, '2020-12-12 03:50:13', '2020-12-12 03:50:13'),
(41, '2020-12-12', 73, 7, 0, 4, 3, '2020-12-12 03:50:53', '2020-12-12 04:13:17'),
(42, '2020-12-12', 57, 24, 0, 3, 21, '2020-12-12 04:15:06', '2020-12-12 04:15:06'),
(43, '2020-12-12', 63, 70, 0, 10, 60, '2020-12-12 04:15:45', '2020-12-12 04:15:45'),
(44, '2020-12-12', 74, 20, 0, 10, 10, '2020-12-12 04:15:45', '2020-12-12 04:15:45'),
(45, '2020-12-12', 75, 6, 0, 1, 5, '2020-12-12 04:18:52', '2020-12-12 04:18:52'),
(46, '2020-12-12', 18, 150, 0, 10, 140, '2020-12-12 04:18:52', '2020-12-12 04:18:52'),
(47, '2020-12-12', 51, 100, 0, 10, 90, '2020-12-12 04:20:41', '2020-12-12 04:20:41'),
(48, '2020-12-12', 62, 19, 0, 1, 18, '2020-12-12 04:20:41', '2020-12-12 04:20:41'),
(49, '2020-12-13', 76, 13, 0, 2, 11, '2020-12-13 01:36:45', '2020-12-13 01:36:45'),
(50, '2020-12-13', 31, 110, 0, 10, 100, '2020-12-13 01:38:08', '2020-12-13 01:38:08'),
(51, '2020-12-13', 33, 130, 0, 100, 30, '2020-12-13 01:40:09', '2020-12-13 05:47:52'),
(52, '2020-12-13', 46, 47, 0, 15, 32, '2020-12-13 01:40:09', '2020-12-13 01:54:33'),
(53, '2020-12-13', 36, 23, 0, 1, 22, '2020-12-13 01:40:31', '2020-12-13 01:40:31'),
(54, '2020-12-13', 32, 18, 0, 5, 13, '2020-12-13 01:40:56', '2020-12-13 05:14:54'),
(55, '2020-12-13', 77, 8, 0, 1, 7, '2020-12-13 01:40:56', '2020-12-13 01:40:56'),
(56, '2020-12-13', 51, 90, 0, 20, 70, '2020-12-13 01:41:55', '2020-12-13 05:42:34'),
(57, '2020-12-13', 29, 108, 0, 11, 97, '2020-12-13 01:41:55', '2020-12-13 01:43:13'),
(58, '2020-12-13', 47, 10, 0, 3, 7, '2020-12-13 01:43:12', '2020-12-13 01:46:28'),
(59, '2020-12-13', 78, 9, 0, 1, 8, '2020-12-13 01:43:12', '2020-12-13 01:43:12'),
(60, '2020-12-13', 79, 4, 0, 1, 3, '2020-12-13 01:43:48', '2020-12-13 01:43:48'),
(61, '2020-12-13', 80, 7, 0, 1, 6, '2020-12-13 01:44:10', '2020-12-13 01:44:10'),
(62, '2020-12-13', 19, 240, 0, 21, 219, '2020-12-13 01:44:47', '2020-12-13 05:55:27'),
(63, '2020-12-13', 34, 98, 0, 3, 95, '2020-12-13 01:45:17', '2020-12-13 05:54:58'),
(64, '2020-12-13', 81, 30, 0, 10, 20, '2020-12-13 01:46:03', '2020-12-13 01:46:03'),
(65, '2020-12-13', 73, 3, 0, 2, 1, '2020-12-13 01:46:03', '2020-12-13 01:46:03'),
(66, '2020-12-13', 82, 6, 0, 3, 3, '2020-12-13 01:46:03', '2020-12-13 05:56:58'),
(67, '2020-12-13', 83, 90, 0, 10, 80, '2020-12-13 01:47:19', '2020-12-13 01:47:19'),
(68, '2020-12-13', 84, 60, 0, 40, 20, '2020-12-13 01:47:19', '2020-12-13 01:47:19'),
(69, '2020-12-13', 57, 21, 0, 6, 15, '2020-12-13 01:47:46', '2020-12-13 05:44:04'),
(70, '2020-12-13', 92, 50, 0, 50, 0, '2020-12-13 01:48:06', '2020-12-13 01:52:54'),
(71, '2020-12-13', 59, 16, 0, 1, 15, '2020-12-13 01:49:32', '2020-12-13 01:49:32'),
(72, '2020-12-13', 86, 42, 0, 8, 34, '2020-12-13 01:51:02', '2020-12-13 05:58:11'),
(73, '2020-12-13', 87, 35, 0, 35, 0, '2020-12-13 01:51:02', '2020-12-13 01:51:02'),
(74, '2020-12-13', 70, 4, 0, 1, 3, '2020-12-13 01:52:12', '2020-12-13 01:52:12'),
(75, '2020-12-13', 88, 60, 0, 10, 50, '2020-12-13 01:53:32', '2020-12-13 01:53:32'),
(76, '2020-12-13', 39, 16, 0, 4, 12, '2020-12-13 01:53:57', '2020-12-13 05:54:31'),
(77, '2020-12-13', 52, 50, 0, 20, 30, '2020-12-13 01:53:57', '2020-12-13 05:40:40'),
(78, '2020-12-13', 89, 2, 0, 2, 0, '2020-12-13 01:54:33', '2020-12-13 01:55:47'),
(79, '2020-12-13', 45, 12, 0, 12, 0, '2020-12-13 01:55:03', '2020-12-13 01:55:03'),
(80, '2020-12-13', 90, 10, 0, 10, 0, '2020-12-13 01:55:28', '2020-12-13 01:55:28'),
(81, '2020-12-13', 91, 6, 0, 2, 4, '2020-12-13 01:55:28', '2020-12-13 05:57:48'),
(82, '2020-12-13', 26, 15, 0, 1, 14, '2020-12-13 01:56:29', '2020-12-13 01:56:29'),
(83, '2020-12-13', 94, 2, 0, 1, 1, '2020-12-13 01:57:19', '2020-12-13 01:57:19'),
(84, '2020-12-13', 95, 3, 0, 3, 0, '2020-12-13 04:08:23', '2020-12-13 04:08:23'),
(85, '2020-12-13', 96, 6, 0, 2, 4, '2020-12-13 05:13:12', '2020-12-13 05:52:16'),
(86, '2020-12-13', 22, 17, 0, 17, 0, '2020-12-13 05:16:09', '2020-12-13 05:16:09'),
(87, '2020-12-13', 98, 10, 0, 2, 8, '2020-12-13 05:38:03', '2020-12-13 05:55:17'),
(88, '2020-12-13', 99, 10, 0, 1, 9, '2020-12-13 05:47:26', '2020-12-13 05:47:26'),
(89, '2020-12-13', 21, 90, 0, 3, 87, '2020-12-13 05:51:01', '2020-12-13 05:56:17'),
(90, '2020-12-13', 53, 6, 0, 3, 3, '2020-12-13 05:51:16', '2020-12-13 05:54:58'),
(91, '2020-12-13', 62, 18, 0, 1, 17, '2020-12-13 05:52:00', '2020-12-13 05:52:00'),
(92, '2020-12-13', 40, 19, 0, 2, 17, '2020-12-13 05:53:17', '2020-12-13 05:56:58'),
(93, '2020-12-13', 23, 11, 0, 1, 10, '2020-12-13 05:53:43', '2020-12-13 05:53:43'),
(94, '2020-12-13', 37, 166, 0, 1, 165, '2020-12-13 05:54:06', '2020-12-13 05:54:06'),
(95, '2020-12-13', 20, 134, 0, 1, 133, '2020-12-13 05:54:31', '2020-12-13 05:54:31'),
(96, '2020-12-13', 44, 18, 0, 2, 16, '2020-12-13 05:55:47', '2020-12-13 05:55:47'),
(97, '2020-12-13', 58, 25, 0, 2, 23, '2020-12-13 05:56:17', '2020-12-13 05:56:17'),
(98, '2020-12-13', 66, 10, 0, 2, 8, '2020-12-13 05:56:33', '2020-12-13 05:56:33'),
(99, '2020-12-13', 61, 7, 0, 1, 6, '2020-12-13 05:56:59', '2020-12-13 05:56:59'),
(100, '2020-12-13', 65, 5, 0, 1, 4, '2020-12-13 05:57:21', '2020-12-13 05:57:21'),
(101, '2020-12-13', 55, 8, 0, 2, 6, '2020-12-13 05:57:48', '2020-12-13 05:57:48'),
(102, '2020-12-13', 18, 140, 0, 2, 138, '2020-12-13 05:58:11', '2020-12-13 05:58:11'),
(103, '2020-12-15', 44, 16, 50, 0, 66, '2020-12-14 22:44:11', '2020-12-14 22:44:11'),
(104, '2020-12-19', 36, 22, 10, 0, 32, '2020-12-18 20:19:38', '2020-12-18 20:19:38'),
(105, '2020-12-20', 19, 219, 0, 100, 119, '2020-12-19 23:58:12', '2020-12-19 23:58:12'),
(106, '2020-12-20', 33, 30, 0, 10, 20, '2020-12-19 23:58:12', '2020-12-19 23:58:12'),
(107, '2020-12-20', 77, 7, 0, 2, 5, '2020-12-19 23:58:12', '2020-12-19 23:58:12'),
(108, '2020-12-20', 23, 10, 0, 1, 9, '2020-12-19 23:58:32', '2020-12-19 23:58:32');

-- --------------------------------------------------------

--
-- Table structure for table `migrations`
--

CREATE TABLE `migrations` (
  `id` int(10) UNSIGNED NOT NULL,
  `migration` varchar(191) COLLATE utf8mb4_unicode_ci NOT NULL,
  `batch` int(11) NOT NULL
) ENGINE=InnoDB DEFAULT CHARSET=utf8mb4 COLLATE=utf8mb4_unicode_ci;

--
-- Dumping data for table `migrations`
--

INSERT INTO `migrations` (`id`, `migration`, `batch`) VALUES
(1, '2014_10_12_000000_create_users_table', 1),
(2, '2019_08_19_000000_create_failed_jobs_table', 1),
(3, '2020_08_22_162732_create_obat_table', 2),
(4, '2020_08_23_005249_create_category_table', 3),
(5, '2020_08_23_010831_updated_category_table', 4),
(6, '2020_08_23_011603_updated_category_date_table', 5),
(7, '2020_08_23_052109_obat_category_table', 6),
(8, '2020_09_02_120114_create_table_transaction', 7),
(9, '2020_09_06_132944_update_table_users', 8),
(10, '2020_10_13_121540_create_satuans_table', 9),
(11, '2020_10_16_052641_create_pemesanans_table', 10),
(12, '2020_10_16_053439_create_pemesanan_details_table', 10),
(13, '2020_12_03_150337_create_transaction_details_table', 11),
(14, '2020_12_06_124407_create_kartu_stoks_table', 12);

-- --------------------------------------------------------

--
-- Table structure for table `obat`
--

CREATE TABLE `obat` (
  `id` bigint(20) UNSIGNED NOT NULL,
  `category_id` int(11) NOT NULL,
  `plu` int(11) NOT NULL,
  `name` varchar(191) COLLATE utf8mb4_unicode_ci NOT NULL,
  `stock` int(11) NOT NULL,
  `price` int(11) NOT NULL,
  `status` varchar(255) COLLATE utf8mb4_unicode_ci NOT NULL DEFAULT 'active',
  `created_at` timestamp NULL DEFAULT NULL,
  `updated_at` timestamp NULL DEFAULT NULL,
  `satuan` varchar(50) COLLATE utf8mb4_unicode_ci NOT NULL,
  `empty_date` date DEFAULT NULL
) ENGINE=InnoDB DEFAULT CHARSET=utf8mb4 COLLATE=utf8mb4_unicode_ci;

--
-- Dumping data for table `obat`
--

INSERT INTO `obat` (`id`, `category_id`, `plu`, `name`, `stock`, `price`, `status`, `created_at`, `updated_at`, `satuan`, `empty_date`) VALUES
(18, 12, 1283285, 'PONSTAN FCT 500MG', 138, 3460, 'active', '2020-10-23 06:38:16', '2020-12-13 05:58:11', 'Strip', NULL),
(19, 12, 1304549, 'VOLTAREN RETARD 100MG', 119, 16500, 'active', '2020-10-27 19:10:39', '2020-12-19 23:58:12', 'Strip', NULL),
(20, 12, 1285965, 'VOLTAREN SR 75MG', 133, 15000, 'active', '2020-10-27 19:12:20', '2020-12-13 05:54:31', 'Strip', NULL),
(21, 12, 1302136, 'VOLTAREN TAB 25MG', 87, 7500, 'active', '2020-10-27 19:13:19', '2020-12-13 05:56:17', 'Strip', NULL),
(22, 12, 1302145, 'VOLTAREN TAB 50MG', 0, 4500, 'active', '2020-10-27 19:14:17', '2020-12-13 05:16:09', 'Strip', '2020-12-13'),
(23, 27, 2266429, 'YASMIN TABLET 21\'S', 9, 248100, 'active', '2020-10-27 19:18:19', '2020-12-19 23:58:32', 'Box', NULL),
(24, 28, 1283543, 'ZYLORIC TAB 100 MG. 1\'S', 32, 6500, 'active', '2020-10-27 19:20:16', '2020-12-05 06:28:45', 'Strip', NULL),
(25, 28, 1283552, 'ZYLORIC TAB 300 MG. 1\'S', 60, 7500, 'active', '2020-10-27 19:21:12', '2020-11-11 07:16:03', 'Strip', NULL),
(26, 21, 1290512, 'ZOVIRAX CREAM 5GR', 14, 170700, 'active', '2020-10-28 01:06:29', '2020-12-13 01:56:29', 'Tube', NULL),
(27, 14, 1297928, 'BENOSON-N CREAM 15G', 30, 46200, 'active', '2020-10-28 01:09:51', '2020-11-18 05:33:23', 'Tube', NULL),
(28, 18, 110484, 'BIOGESIC TABLET 4\'S', 11, 2200, 'active', '2020-10-28 01:12:01', '2020-10-28 01:13:09', 'Strip', NULL),
(29, 22, 110742, 'ANTIMO', 97, 5000, 'active', '2020-10-28 01:12:46', '2020-12-13 01:43:13', 'Strip', NULL),
(30, 18, 221463, 'DECOLSIN KAPSUL 4\'S', 30, 3500, 'active', '2020-10-28 01:14:49', '2020-10-28 01:44:20', 'Strip', NULL),
(31, 12, 1285448, 'CATAFLAM 25 MG 1\'S', 100, 4180, 'active', '2020-10-28 01:15:41', '2020-12-13 01:38:08', 'Strip', NULL),
(32, 21, 1289302, 'DIFLUCAN', 13, 164500, 'active', '2020-10-28 01:16:28', '2020-12-13 05:14:54', 'Strip', NULL),
(33, 12, 1410142, 'PRORIS CAPLET 200MG', 20, 1200, 'active', '2020-10-28 01:17:28', '2020-12-19 23:58:12', 'Strip', NULL),
(34, 15, 3020156, 'CETEME STRIP 12S', 95, 2500, 'active', '2020-10-28 01:19:11', '2020-12-13 05:54:58', 'Strip', '2020-10-08'),
(35, 18, 3094913, 'BODREX HRB S/KPL 4S', 230, 4900, 'active', '2020-10-28 01:20:00', '2020-12-06 06:12:39', 'Strip', NULL),
(36, 12, 3085921, 'THROMBO ASPILETS 30', 32, 33900, 'active', '2020-10-28 01:23:41', '2020-12-18 20:19:38', 'Strip', NULL),
(37, 18, 3085963, 'SANMOL TAB 4\'S', 165, 1600, 'active', '2020-10-28 01:25:35', '2020-12-13 05:54:06', 'Strip', NULL),
(38, 12, 1285822, 'CATAFLAM 50MG 1\'S', 70, 7990, 'active', '2020-10-28 01:28:01', '2020-12-09 06:34:00', 'Strip', NULL),
(39, 13, 1296338, 'OTOPAIN EARDROPS', 12, 99600, 'active', '2020-10-28 01:28:40', '2020-12-13 05:54:31', 'Botol', NULL),
(40, 13, 1296708, 'BIOPLACENTON JELLY', 17, 21800, 'active', '2020-10-28 01:29:33', '2020-12-13 05:56:58', 'Tube', NULL),
(41, 15, 3021389, 'OZEN SIRUP 60ML', 9, 70400, 'active', '2020-10-28 01:30:13', '2020-10-28 01:35:05', 'Botol', NULL),
(42, 25, 1882115, 'NASONEX', 10, 281800, 'active', '2020-10-28 01:36:32', '2020-11-11 07:16:16', 'Botol', NULL),
(43, 29, 2772582, 'MEDI-KLIN GEL 15G', 8, 31400, 'active', '2020-10-28 01:39:18', '2020-12-11 06:29:29', 'Tube', NULL),
(44, 21, 112504, 'CANESTEN CREAM 10G', 66, 38500, 'active', '2020-10-28 01:42:47', '2020-12-14 22:44:11', 'Tube', NULL),
(45, 15, 1506426, 'TELFAST HD TAB180', 0, 12600, 'active', '2020-10-28 01:47:25', '2020-12-13 01:55:03', 'Strip', '2020-12-13'),
(46, 12, 1439767, 'PANADOL EXTRA CAP 1', 32, 11200, 'active', '2020-10-28 01:49:08', '2020-12-13 01:54:33', 'Strip', NULL),
(47, 30, 110323, 'MYLANTA TABLET 10 S', 7, 8500, 'active', '2020-10-28 01:51:14', '2020-12-13 01:46:28', 'Strip', NULL),
(48, 18, 110573, 'DECOLGEN TABLET 4S', 18, 2100, 'active', '2020-10-28 01:53:01', '2020-10-28 01:53:01', 'Strip', NULL),
(49, 12, 1284718, 'MEFINAL CAPSUL 500MG', 80, 1960, 'active', '2020-10-28 01:54:22', '2020-12-09 06:27:56', 'Strip', NULL),
(50, 12, 1291483, 'VOLTAREN GEL 50G', 10, 204100, 'active', '2020-10-28 01:55:41', '2020-10-28 01:55:41', 'Tube', NULL),
(51, 13, 1296049, 'FG TROCHES TABLET', 70, 1640, 'active', '2020-10-28 01:56:48', '2020-12-13 05:42:34', 'Strip', NULL),
(52, 15, 1284219, 'CLARITIN TABLET 1S', 30, 9900, 'active', '2020-10-28 02:07:57', '2020-12-13 05:40:40', 'Strip', NULL),
(53, 30, 3091980, 'XEPAZYM TABLET 6', 3, 24100, 'active', '2020-10-29 00:40:38', '2020-12-13 05:54:58', 'Strip', NULL),
(54, 18, 3093287, 'SANMOL FORTE TAB 4S', 12, 1800, 'active', '2020-10-29 00:50:43', '2020-12-09 06:09:22', 'Strip', NULL),
(55, 31, 1302323, 'AFRIN NASAL SPRAY', 6, 67500, 'active', '2020-10-29 01:37:27', '2020-12-13 05:57:48', 'Botol', NULL),
(56, 32, 112709, 'DEGIROL LOZENGES 20', 6, 27900, 'active', '2020-10-29 01:49:56', '2020-12-09 06:09:22', 'Box', NULL),
(57, 12, 1119513, 'PANADOL KAPLET 10S', 15, 10200, 'active', '2020-10-29 01:51:35', '2020-12-13 05:44:04', 'Strip', NULL),
(58, 23, 154385, 'DAKTARIN CREAM 10GR', 23, 44200, 'active', '2020-10-29 01:56:33', '2020-12-13 05:56:17', 'Tube', NULL),
(59, 35, 843847, 'VERMOX TABLET 1S', 15, 22410, 'active', '2020-10-29 02:00:00', '2020-12-13 01:49:32', 'Strip', NULL),
(60, 12, 1278621, 'TRAMAL CAP 50 MG', 20, 7550, 'active', '2020-10-31 04:28:06', '2020-12-09 06:13:44', 'Strip', NULL),
(61, 21, 1288341, 'NIZORAL CREAM 15 GR', 6, 126900, 'active', '2020-10-31 04:35:39', '2020-12-13 05:56:59', 'Tube', NULL),
(62, 13, 1303196, 'CENDO XITROL EYE DR', 17, 39000, 'active', '2020-10-31 04:36:17', '2020-12-13 05:52:00', 'Tube', NULL),
(63, 15, 2957814, 'CETIRIZINE 10M NOVEL', 60, 510, 'active', '2020-10-31 04:38:20', '2020-12-12 04:15:45', 'Strip', NULL),
(64, 31, 3030957, 'BREATHY TTS HDG 30M', 7, 78000, 'active', '2020-11-01 15:09:09', '2020-12-09 06:40:22', 'Botol', NULL),
(65, 31, 3030958, 'BNS BRTHY NSL SP 30', 4, 120000, 'active', '2020-11-01 15:10:53', '2020-12-13 05:57:21', 'Botol', NULL),
(66, 14, 3054444, 'DERMACOID LPKRIM 10', 8, 69200, 'active', '2020-11-01 15:11:45', '2020-12-13 05:56:33', 'Tube', NULL),
(67, 33, 1456643, 'LIPITOR TABLET 20MG', 0, 27000, 'active', '2020-11-01 15:18:37', '2020-12-09 20:22:01', 'Strip', '2020-12-10'),
(68, 13, 1296388, 'OTOPAIN EAR DROPS 8', 5, 99600, 'active', '2020-11-01 15:20:28', '2020-11-07 00:36:37', 'Botol', NULL),
(69, 30, 1292613, 'OMZ CAPSUL 20 MG 1S', 24, 17100, 'active', '2020-11-02 04:54:17', '2020-12-11 06:29:29', 'Strip', NULL),
(70, 14, 1298702, 'DIGENTA CREAM 10GR', 3, 116800, 'active', '2020-11-02 04:55:31', '2020-12-13 01:52:12', 'Tube', NULL),
(71, 14, 3005211, 'EUTHYROX 1S', 0, 3390, 'active', '2020-11-02 05:00:27', '2020-12-12 05:20:52', 'Strip', '2020-12-12'),
(72, 23, 1446799, 'VALTREX 500MG TABLET', 24, 24800, 'active', '2020-11-02 05:07:29', '2020-12-12 03:50:13', 'Strip', NULL),
(73, 18, 1565076, 'PANADOL KAPLET C&F1', 1, 13500, 'active', '2020-11-02 05:22:06', '2020-12-13 01:46:03', 'Strip', NULL),
(74, 12, 1283998, 'MERISLON 12MG TAB1S', 10, 9400, 'active', '2020-11-02 05:36:33', '2020-12-12 04:15:45', 'Strip', NULL),
(75, 27, 1953422, 'MICROGYNON TABLET 2', 5, 18750, 'active', '2020-11-02 05:37:24', '2020-12-12 04:18:52', 'Box', NULL),
(76, 25, 1280828, 'VENTOLIN INHLR 100M', 11, 153800, 'active', '2020-11-02 05:59:39', '2020-12-13 01:36:45', 'Botol', NULL),
(77, 27, 1297643, 'DIANE 35 21S', 5, 164000, 'active', '2020-11-02 06:08:18', '2020-12-19 23:58:12', 'Box', NULL),
(78, 22, 110332, 'MYLANTA LIQUID 150M', 8, 41500, 'active', '2020-11-02 17:32:08', '2020-12-13 01:43:12', 'Botol', NULL),
(79, 15, 1301148, 'CELESTAMIN SYRUP 60', 3, 90500, 'active', '2020-11-02 18:52:37', '2020-12-13 01:43:48', 'Botol', NULL),
(80, 14, 1302582, 'DIPROGENTA CREAM 10', 6, 131400, 'active', '2020-11-02 18:53:17', '2020-12-13 01:44:10', 'Tube', NULL),
(81, 34, 3041145, 'AMLODIPIN 10MG NOVE', 20, 690, 'active', '2020-11-03 03:04:06', '2020-12-13 01:46:03', 'Strip', NULL),
(82, 30, 110288, 'PROMAG TABLET 12S', 3, 8800, 'active', '2020-11-03 03:07:31', '2020-12-13 05:56:58', 'Strip', NULL),
(83, 34, 2828507, 'SIMVASTATIN 10 OGBD', 80, 690, 'active', '2020-11-03 03:22:44', '2020-12-13 01:47:19', 'Strip', NULL),
(84, 34, 3041149, 'SIMVASTATIN 10MG NOVELL', 20, 685, 'active', '2020-11-03 03:25:44', '2020-12-13 01:47:19', 'Strip', NULL),
(85, 30, 2958598, 'OMEPRAZOLE 20 NOVEL', 0, 550, 'active', '2020-11-03 03:33:06', '2020-11-05 18:44:36', 'Strip', NULL),
(86, 30, 1852395, 'NEXIUM 40MG TABLETS', 34, 30100, 'active', '2020-11-05 18:10:14', '2020-12-13 05:58:11', 'Strip', NULL),
(87, 36, 3020655, 'XENICAL KAP 120MG 1', 0, 15400, 'active', '2020-11-05 18:11:43', '2020-12-13 01:51:02', 'Strip', '2020-12-13'),
(88, 23, 1291242, 'CLINOVIR TAB 400MG', 50, 10060, 'active', '2020-11-05 18:36:35', '2020-12-13 01:53:32', 'Strip', NULL),
(89, 13, 3064390, 'SALTICIN CREAM 5GR', 0, 38400, 'active', '2020-11-05 18:40:17', '2020-12-13 01:55:47', 'Tube', '2020-12-13'),
(90, 21, 1290432, 'FLAGYL FORTE TABLET', 0, 9300, 'active', '2020-11-05 18:42:22', '2020-12-13 01:55:28', 'Strip', '2020-12-13'),
(91, 14, 1520392, 'INERSON SALEP .25 1', 4, 98600, 'active', '2020-11-05 18:42:59', '2020-12-13 05:57:48', 'Tube', NULL),
(92, 30, 3078061, 'OMEPRAZOLE 20MG HEX', 0, 510, 'active', '2020-11-05 18:45:10', '2020-12-13 01:52:54', 'Strip', '2020-12-13'),
(93, 23, 1290503, 'ZOVIRAX CREAM 2GR', 6, 91000, 'active', '2020-11-06 06:22:46', '2020-11-06 06:23:29', 'Tube', NULL),
(94, 15, 2573918, 'HYDROCORTISONE 2.5%', 1, 4000, 'active', '2020-11-07 00:28:38', '2020-12-13 01:57:19', 'Tube', NULL),
(95, 21, 1291599, 'CANESTEN SDV 0.5G 1', 0, 162500, 'active', '2020-11-07 00:31:15', '2020-12-13 04:08:23', 'Tube', '2020-12-13'),
(96, 37, 2605098, 'CENDO C/FRSH MNDS 5', 4, 32900, 'active', '2020-11-07 00:47:21', '2020-12-13 05:52:16', 'Botol', NULL),
(98, 29, 2772653, 'VITACID CREAM 20G', 8, 60300, 'active', '2020-12-13 05:37:17', '2020-12-13 05:55:17', 'Tube', NULL),
(99, 12, 1302537, 'VOLTAREN EMULGEL 20', 9, 90600, 'active', '2020-12-13 05:46:38', '2020-12-13 05:47:26', 'Tube', NULL);

-- --------------------------------------------------------

--
-- Table structure for table `pemesanan`
--

CREATE TABLE `pemesanan` (
  `id` bigint(20) UNSIGNED NOT NULL,
  `user_id` int(11) NOT NULL,
  `no_invoice` varchar(191) COLLATE utf8mb4_unicode_ci NOT NULL,
  `date` date NOT NULL,
  `receive_date` date DEFAULT NULL,
  `alasan` text COLLATE utf8mb4_unicode_ci DEFAULT NULL,
  `status` varchar(191) COLLATE utf8mb4_unicode_ci NOT NULL,
  `created_at` timestamp NULL DEFAULT NULL,
  `updated_at` timestamp NULL DEFAULT NULL
) ENGINE=InnoDB DEFAULT CHARSET=utf8mb4 COLLATE=utf8mb4_unicode_ci;

--
-- Dumping data for table `pemesanan`
--

INSERT INTO `pemesanan` (`id`, `user_id`, `no_invoice`, `date`, `receive_date`, `alasan`, `status`, `created_at`, `updated_at`) VALUES
(1, 1, '01122001', '2020-12-01', NULL, 'note : jumlah obat yang datang adalah sebanyak 100 strip/ 1 box. silahkan di revisi', 'Rejected', '2020-12-13 06:03:13', '2020-12-18 20:19:27'),
(2, 1, '01122002', '2020-12-02', NULL, NULL, 'Pending', '2020-12-13 06:05:07', '2020-12-13 06:05:07'),
(3, 1, '01122003', '2020-12-03', NULL, NULL, 'Pending', '2020-12-13 06:06:23', '2020-12-13 06:06:23'),
(4, 1, '01122004', '2020-12-07', '2020-12-19', NULL, 'Approved', '2020-12-13 06:07:32', '2020-12-18 20:19:38'),
(7, 1, '01122006', '2020-12-11', '2020-12-15', NULL, 'Approved', '2020-12-13 06:26:17', '2020-12-14 22:44:11'),
(8, 1, '01145628', '2020-12-20', NULL, NULL, 'Pending', '2020-12-21 22:14:09', '2020-12-21 22:14:09');

-- --------------------------------------------------------

--
-- Table structure for table `pemesanan_detail`
--

CREATE TABLE `pemesanan_detail` (
  `id` bigint(20) UNSIGNED NOT NULL,
  `pemesanan_id` int(11) NOT NULL,
  `obat_id` int(11) NOT NULL,
  `qty` int(11) NOT NULL,
  `keterangan` text COLLATE utf8mb4_unicode_ci DEFAULT NULL,
  `created_at` timestamp NULL DEFAULT NULL,
  `updated_at` timestamp NULL DEFAULT NULL
) ENGINE=InnoDB DEFAULT CHARSET=utf8mb4 COLLATE=utf8mb4_unicode_ci;

--
-- Dumping data for table `pemesanan_detail`
--

INSERT INTO `pemesanan_detail` (`id`, `pemesanan_id`, `obat_id`, `qty`, `keterangan`, `created_at`, `updated_at`) VALUES
(6, 3, 52, 5, 'ANTI-INFLAMATORY', '2020-12-13 06:07:39', '2020-12-13 06:07:39'),
(7, 2, 18, 2, 'ANTI-INFLAMATORY', '2020-12-13 06:07:55', '2020-12-13 06:07:55'),
(8, 2, 49, 3, 'ANTI-INFLAMATORY', '2020-12-13 06:07:55', '2020-12-13 06:07:55'),
(9, 1, 19, 10, 'ANTI-INFLAMATORY', '2020-12-13 06:08:09', '2020-12-13 06:08:09'),
(18, 7, 44, 50, 'ANTI-INFLAMATORY', '2020-12-13 06:26:17', '2020-12-13 06:26:17'),
(19, 4, 36, 10, 'ANTI-INFLAMATORY', '2020-12-14 23:18:34', '2020-12-14 23:18:34'),
(20, 8, 21, 150, 'ANTI-RHEUMATIC/ INFLAMATORY', '2020-12-21 22:14:09', '2020-12-21 22:14:09');

-- --------------------------------------------------------

--
-- Table structure for table `transaction`
--

CREATE TABLE `transaction` (
  `id` bigint(20) UNSIGNED NOT NULL,
  `no_transaction` int(20) NOT NULL,
  `user_id` int(11) NOT NULL,
  `date` date DEFAULT NULL,
  `total` int(11) NOT NULL,
  `status` varchar(20) COLLATE utf8mb4_unicode_ci NOT NULL,
  `created_at` timestamp NULL DEFAULT NULL,
  `updated_at` timestamp NULL DEFAULT NULL
) ENGINE=InnoDB DEFAULT CHARSET=utf8mb4 COLLATE=utf8mb4_unicode_ci;

--
-- Dumping data for table `transaction`
--

INSERT INTO `transaction` (`id`, `no_transaction`, `user_id`, `date`, `total`, `status`, `created_at`, `updated_at`) VALUES
(1, 1106510, 1, '2020-10-01', 231700, 'Approved', '2020-12-09 06:01:49', '2020-12-09 06:01:49'),
(2, 2106510, 1, '2020-10-02', 136200, 'Approved', '2020-12-09 06:09:22', '2020-12-09 06:09:22'),
(3, 3106510, 1, '2020-10-03', 437800, 'Approved', '2020-12-09 06:10:38', '2020-12-09 06:10:38'),
(4, 4106510, 1, '2020-10-04', 359710, 'Approved', '2020-12-09 06:13:44', '2020-12-09 06:13:44'),
(5, 5106510, 1, '2020-10-05', 60400, 'Approved', '2020-12-09 06:27:56', '2020-12-09 06:27:56'),
(6, 6106510, 1, '2020-10-06', 99600, 'Approved', '2020-12-09 06:30:20', '2020-12-09 06:30:20'),
(7, 7106510, 1, '2020-10-07', 112700, 'Approved', '2020-12-09 06:34:00', '2020-12-09 06:34:00'),
(8, 8106510, 1, '2020-10-08', 29000, 'Approved', '2020-12-09 06:36:30', '2020-12-09 06:36:30'),
(9, 9106510, 1, '2020-10-09', 350300, 'Approved', '2020-12-09 06:40:22', '2020-12-09 06:40:22'),
(10, 10106510, 1, '2020-10-10', 270000, 'Approved', '2020-12-09 20:22:01', '2020-12-09 20:22:01'),
(11, 11106510, 1, '2020-10-11', 34600, 'Approved', '2020-12-10 06:59:25', '2020-12-10 06:59:25'),
(12, 12106510, 1, '2020-10-12', 159600, 'Approved', '2020-12-11 04:38:44', '2020-12-11 04:38:44'),
(13, 13106510, 1, '2020-10-13', 55200, 'Approved', '2020-12-11 04:39:42', '2020-12-11 04:39:42'),
(14, 14106510, 1, '2020-10-14', 55200, 'Approved', '2020-12-11 05:54:34', '2020-12-11 05:54:34'),
(15, 15106510, 1, '2020-10-15', 306800, 'Approved', '2020-12-11 06:29:29', '2020-12-11 06:29:29'),
(16, 115106510, 1, '2020-10-15', 84750, 'Approved', '2020-12-11 07:00:36', '2020-12-11 07:00:36'),
(17, 215106510, 1, '2020-10-15', 84750, 'Approved', '2020-12-12 03:48:27', '2020-12-12 03:48:27'),
(18, 16106510, 1, '2020-10-16', 99000, 'Approved', '2020-12-12 03:49:03', '2020-12-12 03:49:03'),
(19, 116106510, 1, '2020-10-16', 227500, 'Approved', '2020-12-12 03:50:13', '2020-12-12 03:50:13'),
(20, 216106510, 1, '2020-10-16', 27000, 'Approved', '2020-12-12 03:50:53', '2020-12-12 03:50:53'),
(21, 316106510, 1, '2020-10-16', 27000, 'Approved', '2020-12-12 04:13:17', '2020-12-12 04:13:17'),
(22, 17106510, 1, '2020-10-17', 64200, 'Approved', '2020-12-12 04:15:06', '2020-12-12 04:15:06'),
(23, 18106510, 1, '2020-10-18', 99100, 'Approved', '2020-12-12 04:15:45', '2020-12-12 04:15:45'),
(24, 19106510, 1, '2020-10-19', 53350, 'Approved', '2020-12-12 04:18:52', '2020-12-12 04:18:52'),
(25, 119106510, 1, '2020-10-19', 99000, 'Approved', '2020-12-12 04:19:12', '2020-12-12 04:19:12'),
(26, 219106510, 1, '2020-10-19', 55400, 'Approved', '2020-12-12 04:20:41', '2020-12-12 04:20:41'),
(27, 20106510, 1, '2020-10-20', 169500, 'Approved', '2020-12-12 05:20:52', '2020-12-12 05:20:52'),
(28, 120106510, 1, '2020-10-20', 307600, 'Approved', '2020-12-13 01:36:45', '2020-12-13 01:36:45'),
(29, 21106510, 1, '2020-10-21', 41800, 'Approved', '2020-12-13 01:38:08', '2020-12-13 01:38:08'),
(30, 121106510, 1, '2020-10-21', 57600, 'Approved', '2020-12-13 01:40:09', '2020-12-13 01:40:09'),
(31, 221106510, 1, '2020-10-21', 33900, 'Approved', '2020-12-13 01:40:31', '2020-12-13 01:40:31'),
(32, 321106510, 1, '2020-10-21', 657500, 'Approved', '2020-12-13 01:40:56', '2020-12-13 01:40:56'),
(33, 22106510, 1, '2020-10-22', 21400, 'Approved', '2020-12-13 01:41:55', '2020-12-13 01:41:55'),
(34, 122106510, 1, '2020-10-22', 111200, 'Approved', '2020-12-13 01:43:12', '2020-12-13 01:43:12'),
(35, 23106510, 1, '2020-10-23', 90500, 'Approved', '2020-12-13 01:43:48', '2020-12-13 01:43:48'),
(36, 25106510, 1, '2020-10-25', 131400, 'Approved', '2020-12-13 01:44:10', '2020-12-13 01:44:10'),
(37, 26106510, 1, '2020-10-26', 330000, 'Approved', '2020-12-13 01:44:47', '2020-12-13 01:44:47'),
(38, 27106510, 1, '2020-10-27', 2500, 'Approved', '2020-12-13 01:45:17', '2020-12-13 01:45:17'),
(39, 29106510, 1, '2020-10-29', 42700, 'Approved', '2020-12-13 01:46:03', '2020-12-13 01:46:03'),
(40, 30106510, 1, '2020-10-30', 17000, 'Approved', '2020-12-13 01:46:28', '2020-12-13 01:46:28'),
(41, 1116510, 1, '2020-11-01', 34300, 'Approved', '2020-12-13 01:47:19', '2020-12-13 01:47:19'),
(42, 2116510, 1, '2020-11-02', 31600, 'Approved', '2020-12-13 01:47:46', '2020-12-13 01:47:46'),
(43, 12116510, 1, '2020-11-02', 10200, 'Approved', '2020-12-13 01:48:06', '2020-12-13 01:48:06'),
(44, 22116510, 1, '2020-11-02', 10200, 'Approved', '2020-12-13 01:48:52', '2020-12-13 01:48:52'),
(45, 32116510, 1, '2020-11-03', 46410, 'Approved', '2020-12-13 01:49:31', '2020-12-13 01:49:31'),
(46, 3116510, 1, '2020-12-13', 56000, 'Approved', '2020-12-13 01:50:36', '2020-12-13 01:50:36'),
(47, 13116510, 1, '2020-11-03', 749700, 'Approved', '2020-12-13 01:51:02', '2020-12-13 01:51:02'),
(48, 4116510, 1, '2020-11-04', 137200, 'Approved', '2020-12-13 01:52:12', '2020-12-13 01:52:12'),
(49, 14116510, 1, '2020-11-04', 29100, 'Approved', '2020-12-13 01:52:54', '2020-12-13 01:52:54'),
(50, 5116510, 1, '2020-11-05', 103100, 'Approved', '2020-12-13 01:53:32', '2020-12-13 01:53:32'),
(51, 6116510, 1, '2020-11-06', 298200, 'Approved', '2020-12-13 01:53:57', '2020-12-13 01:53:57'),
(52, 7116510, 1, '2020-11-07', 94400, 'Approved', '2020-12-13 01:54:33', '2020-12-13 01:54:33'),
(53, 8116510, 1, '2020-11-08', 151200, 'Approved', '2020-12-13 01:55:03', '2020-12-13 01:55:03'),
(54, 9116510, 1, '2020-11-09', 191600, 'Approved', '2020-12-13 01:55:28', '2020-12-13 01:55:28'),
(55, 10116510, 1, '2020-11-10', 38400, 'Approved', '2020-12-13 01:55:47', '2020-12-13 01:55:47'),
(56, 11116510, 1, '2020-11-11', 170700, 'Approved', '2020-12-13 01:56:29', '2020-12-13 01:56:29'),
(57, 111116510, 1, '2020-11-11', 16000, 'Approved', '2020-12-13 01:57:19', '2020-12-13 01:57:19'),
(58, 12116510, 1, '2020-11-12', 587100, 'Approved', '2020-12-13 04:08:23', '2020-12-13 04:08:23'),
(59, 13116510, 1, '2020-11-13', 32900, 'Approved', '2020-12-13 05:13:12', '2020-12-13 05:13:12'),
(60, 14116510, 1, '2020-11-14', 329000, 'Approved', '2020-12-13 05:14:54', '2020-12-13 05:14:54'),
(61, 15116510, 1, '2020-11-15', 76500, 'Approved', '2020-12-13 05:16:09', '2020-12-13 05:16:09'),
(62, 16116510, 1, '2020-11-16', 12000, 'Approved', '2020-12-13 05:16:49', '2020-12-13 05:16:49'),
(63, 17116510, 1, '2020-11-17', 60300, 'Approved', '2020-12-13 05:38:03', '2020-12-13 05:38:03'),
(64, 18116510, 1, '2020-11-18', 99000, 'Approved', '2020-12-13 05:40:40', '2020-12-13 05:40:40'),
(65, 19116510, 1, '2020-11-19', 10200, 'Approved', '2020-12-13 05:41:28', '2020-12-13 05:41:28'),
(66, 20116510, 1, '2020-11-20', 16400, 'Approved', '2020-12-13 05:42:34', '2020-12-13 05:42:34'),
(67, 21116510, 1, '2020-11-21', 12000, 'Approved', '2020-12-13 05:43:24', '2020-12-13 05:43:24'),
(68, 22116510, 1, '2020-11-22', 10200, 'Approved', '2020-12-13 05:44:04', '2020-12-13 05:44:04'),
(69, 23116510, 1, '2020-11-23', 90600, 'Approved', '2020-12-13 05:47:26', '2020-12-13 05:47:26'),
(70, 24116510, 1, '2020-11-24', 12000, 'Approved', '2020-12-13 05:47:52', '2020-12-13 05:47:52'),
(71, 25116510, 1, '2020-11-25', 7500, 'Approved', '2020-12-13 05:51:01', '2020-12-13 05:51:01'),
(72, 26116510, 1, '2020-11-26', 24100, 'Approved', '2020-12-13 05:51:16', '2020-12-13 05:51:16'),
(73, 27116510, 1, '2020-11-27', 39000, 'Approved', '2020-12-13 05:52:00', '2020-12-13 05:52:00'),
(74, 28116510, 1, '2020-11-28', 32900, 'Approved', '2020-12-13 05:52:16', '2020-12-13 05:52:16'),
(75, 29116510, 1, '2020-11-29', 7500, 'Approved', '2020-12-13 05:52:34', '2020-12-13 05:52:34'),
(76, 130116510, 1, '2020-11-30', 21800, 'Approved', '2020-12-13 05:53:17', '2020-12-13 05:53:17'),
(77, 1126510, 1, '2020-12-01', 248100, 'Approved', '2020-12-13 05:53:43', '2020-12-13 05:53:43'),
(78, 2126510, 1, '2020-12-02', 1600, 'Approved', '2020-12-13 05:54:06', '2020-12-13 05:54:06'),
(79, 3126510, 1, '2020-12-03', 114600, 'Approved', '2020-12-13 05:54:31', '2020-12-13 05:54:31'),
(80, 4126510, 1, '2020-12-04', 50700, 'Approved', '2020-12-13 05:54:58', '2020-12-13 05:54:58'),
(81, 5126510, 1, '2020-12-05', 60300, 'Approved', '2020-12-13 05:55:17', '2020-12-13 05:55:17'),
(82, 6126510, 1, '2020-12-06', 16500, 'Approved', '2020-12-13 05:55:27', '2020-12-13 05:55:27'),
(83, 7126510, 1, '2020-12-07', 77000, 'Approved', '2020-12-13 05:55:47', '2020-12-13 05:55:47'),
(84, 8126510, 1, '2020-12-08', 95900, 'Approved', '2020-12-13 05:56:17', '2020-12-13 05:56:17'),
(85, 9126510, 1, '2020-12-09', 138400, 'Approved', '2020-12-13 05:56:33', '2020-12-13 05:56:33'),
(86, 10126510, 1, '2020-12-10', 166300, 'Approved', '2020-12-13 05:56:58', '2020-12-13 05:56:58'),
(87, 11126510, 1, '2020-12-11', 120000, 'Approved', '2020-12-13 05:57:21', '2020-12-13 05:57:21'),
(88, 12126510, 1, '2020-12-12', 233600, 'Approved', '2020-12-13 05:57:48', '2020-12-13 05:57:48'),
(89, 13126510, 1, '2020-12-13', 37020, 'Approved', '2020-12-13 05:58:11', '2020-12-13 05:58:11'),
(90, 14126510, 1, '2020-12-20', 1990000, 'Approved', '2020-12-19 23:58:12', '2020-12-19 23:58:12'),
(91, 114126510, 1, '2020-12-20', 248100, 'Approved', '2020-12-19 23:58:32', '2020-12-19 23:58:32');

-- --------------------------------------------------------

--
-- Table structure for table `transaction_detail`
--

CREATE TABLE `transaction_detail` (
  `id` bigint(20) UNSIGNED NOT NULL,
  `transaction_id` int(11) NOT NULL,
  `obat_id` int(11) NOT NULL,
  `qty` int(11) NOT NULL,
  `price` int(11) NOT NULL,
  `sub_total` int(11) NOT NULL,
  `created_at` timestamp NULL DEFAULT NULL,
  `updated_at` timestamp NULL DEFAULT NULL
) ENGINE=InnoDB DEFAULT CHARSET=utf8mb4 COLLATE=utf8mb4_unicode_ci;

--
-- Dumping data for table `transaction_detail`
--

INSERT INTO `transaction_detail` (`id`, `transaction_id`, `obat_id`, `qty`, `price`, `sub_total`, `created_at`, `updated_at`) VALUES
(1, 1, 46, 1, 11200, 11200, '2020-12-09 06:01:49', '2020-12-09 06:01:49'),
(2, 1, 53, 2, 24100, 48200, '2020-12-09 06:01:49', '2020-12-09 06:01:49'),
(3, 1, 26, 1, 170700, 170700, '2020-12-09 06:01:49', '2020-12-09 06:01:49'),
(4, 1, 37, 1, 1600, 1600, '2020-12-09 06:01:49', '2020-12-09 06:01:49'),
(5, 2, 54, 4, 1800, 7200, '2020-12-09 06:09:22', '2020-12-09 06:09:22'),
(6, 2, 55, 1, 67500, 67500, '2020-12-09 06:09:22', '2020-12-09 06:09:22'),
(7, 2, 46, 3, 11200, 33600, '2020-12-09 06:09:22', '2020-12-09 06:09:22'),
(8, 2, 56, 1, 27900, 27900, '2020-12-09 06:09:22', '2020-12-09 06:09:22'),
(9, 3, 57, 2, 10200, 20400, '2020-12-09 06:10:38', '2020-12-09 06:10:38'),
(10, 3, 32, 2, 164500, 329000, '2020-12-09 06:10:39', '2020-12-09 06:10:39'),
(11, 3, 58, 2, 44200, 88400, '2020-12-09 06:10:39', '2020-12-09 06:10:39'),
(12, 4, 59, 1, 22410, 22410, '2020-12-09 06:13:44', '2020-12-09 06:13:44'),
(13, 4, 57, 2, 10200, 20400, '2020-12-09 06:13:44', '2020-12-09 06:13:44'),
(14, 4, 60, 20, 7550, 151000, '2020-12-09 06:13:44', '2020-12-09 06:13:44'),
(15, 4, 61, 1, 126900, 126900, '2020-12-09 06:13:44', '2020-12-09 06:13:44'),
(16, 4, 62, 1, 39000, 39000, '2020-12-09 06:13:44', '2020-12-09 06:13:44'),
(17, 5, 49, 10, 1960, 19600, '2020-12-09 06:27:56', '2020-12-09 06:27:56'),
(18, 5, 63, 80, 510, 40800, '2020-12-09 06:27:56', '2020-12-09 06:27:56'),
(19, 6, 39, 1, 99600, 99600, '2020-12-09 06:30:20', '2020-12-09 06:30:20'),
(20, 7, 38, 10, 7990, 79900, '2020-12-09 06:34:00', '2020-12-09 06:34:00'),
(21, 7, 51, 20, 1640, 32800, '2020-12-09 06:34:00', '2020-12-09 06:34:00'),
(22, 8, 34, 2, 2500, 5000, '2020-12-09 06:36:30', '2020-12-09 06:36:30'),
(23, 8, 33, 20, 1200, 24000, '2020-12-09 06:36:30', '2020-12-09 06:36:30'),
(24, 9, 63, 10, 510, 5100, '2020-12-09 06:40:22', '2020-12-09 06:40:22'),
(25, 9, 64, 2, 78000, 156000, '2020-12-09 06:40:22', '2020-12-09 06:40:22'),
(26, 9, 65, 1, 120000, 120000, '2020-12-09 06:40:22', '2020-12-09 06:40:22'),
(27, 9, 66, 1, 69200, 69200, '2020-12-09 06:40:22', '2020-12-09 06:40:22'),
(28, 10, 67, 10, 27000, 270000, '2020-12-09 20:22:01', '2020-12-09 20:22:01'),
(29, 11, 18, 10, 3460, 34600, '2020-12-10 06:59:25', '2020-12-10 06:59:25'),
(30, 12, 39, 1, 99600, 99600, '2020-12-11 04:38:44', '2020-12-11 04:38:44'),
(31, 12, 33, 50, 1200, 60000, '2020-12-11 04:38:44', '2020-12-11 04:38:44'),
(32, 13, 57, 1, 10200, 10200, '2020-12-11 04:39:42', '2020-12-11 04:39:42'),
(33, 13, 22, 10, 4500, 45000, '2020-12-11 04:39:42', '2020-12-11 04:39:42'),
(34, 14, 57, 1, 10200, 10200, '2020-12-11 05:54:34', '2020-12-11 05:54:34'),
(35, 14, 22, 10, 4500, 45000, '2020-12-11 05:54:34', '2020-12-11 05:54:34'),
(36, 15, 69, 6, 17100, 102600, '2020-12-11 06:29:29', '2020-12-11 06:29:29'),
(37, 15, 70, 1, 116800, 116800, '2020-12-11 06:29:29', '2020-12-11 06:29:29'),
(38, 15, 46, 5, 11200, 56000, '2020-12-11 06:29:29', '2020-12-11 06:29:29'),
(39, 15, 43, 1, 31400, 31400, '2020-12-11 06:29:29', '2020-12-11 06:29:29'),
(40, 16, 71, 25, 3390, 84750, '2020-12-11 07:00:36', '2020-12-11 07:00:36'),
(41, 17, 71, 25, 3390, 84750, '2020-12-12 03:48:27', '2020-12-12 03:48:27'),
(42, 18, 52, 10, 9900, 99000, '2020-12-12 03:49:03', '2020-12-12 03:49:03'),
(43, 19, 55, 1, 67500, 67500, '2020-12-12 03:50:13', '2020-12-12 03:50:13'),
(44, 19, 46, 1, 11200, 11200, '2020-12-12 03:50:13', '2020-12-12 03:50:13'),
(45, 19, 72, 6, 24800, 148800, '2020-12-12 03:50:13', '2020-12-12 03:50:13'),
(46, 20, 73, 2, 13500, 27000, '2020-12-12 03:50:53', '2020-12-12 03:50:53'),
(47, 21, 73, 2, 13500, 27000, '2020-12-12 04:13:17', '2020-12-12 04:13:17'),
(48, 22, 57, 3, 10200, 30600, '2020-12-12 04:15:06', '2020-12-12 04:15:06'),
(49, 22, 46, 3, 11200, 33600, '2020-12-12 04:15:06', '2020-12-12 04:15:06'),
(50, 23, 63, 10, 510, 5100, '2020-12-12 04:15:45', '2020-12-12 04:15:45'),
(51, 23, 74, 10, 9400, 94000, '2020-12-12 04:15:45', '2020-12-12 04:15:45'),
(52, 24, 75, 1, 18750, 18750, '2020-12-12 04:18:52', '2020-12-12 04:18:52'),
(53, 24, 18, 10, 3460, 34600, '2020-12-12 04:18:52', '2020-12-12 04:18:52'),
(54, 25, 52, 10, 9900, 99000, '2020-12-12 04:19:12', '2020-12-12 04:19:12'),
(55, 26, 51, 10, 1640, 16400, '2020-12-12 04:20:41', '2020-12-12 04:20:41'),
(56, 26, 62, 1, 39000, 39000, '2020-12-12 04:20:41', '2020-12-12 04:20:41'),
(57, 27, 71, 50, 3390, 169500, '2020-12-12 05:20:52', '2020-12-12 05:20:52'),
(58, 28, 76, 2, 153800, 307600, '2020-12-13 01:36:45', '2020-12-13 01:36:45'),
(59, 29, 31, 10, 4180, 41800, '2020-12-13 01:38:08', '2020-12-13 01:38:08'),
(60, 30, 33, 20, 1200, 24000, '2020-12-13 01:40:09', '2020-12-13 01:40:09'),
(61, 30, 46, 3, 11200, 33600, '2020-12-13 01:40:09', '2020-12-13 01:40:09'),
(62, 31, 36, 1, 33900, 33900, '2020-12-13 01:40:31', '2020-12-13 01:40:31'),
(63, 32, 32, 3, 164500, 493500, '2020-12-13 01:40:56', '2020-12-13 01:40:56'),
(64, 32, 77, 1, 164000, 164000, '2020-12-13 01:40:56', '2020-12-13 01:40:56'),
(65, 33, 51, 10, 1640, 16400, '2020-12-13 01:41:55', '2020-12-13 01:41:55'),
(66, 33, 29, 1, 5000, 5000, '2020-12-13 01:41:55', '2020-12-13 01:41:55'),
(67, 34, 46, 1, 11200, 11200, '2020-12-13 01:43:12', '2020-12-13 01:43:12'),
(68, 34, 47, 1, 8500, 8500, '2020-12-13 01:43:12', '2020-12-13 01:43:12'),
(69, 34, 78, 1, 41500, 41500, '2020-12-13 01:43:12', '2020-12-13 01:43:12'),
(70, 34, 29, 10, 5000, 50000, '2020-12-13 01:43:12', '2020-12-13 01:43:12'),
(71, 35, 79, 1, 90500, 90500, '2020-12-13 01:43:48', '2020-12-13 01:43:48'),
(72, 36, 80, 1, 131400, 131400, '2020-12-13 01:44:10', '2020-12-13 01:44:10'),
(73, 37, 19, 20, 16500, 330000, '2020-12-13 01:44:47', '2020-12-13 01:44:47'),
(74, 38, 34, 1, 2500, 2500, '2020-12-13 01:45:17', '2020-12-13 01:45:17'),
(75, 39, 81, 10, 690, 6900, '2020-12-13 01:46:03', '2020-12-13 01:46:03'),
(76, 39, 73, 2, 13500, 27000, '2020-12-13 01:46:03', '2020-12-13 01:46:03'),
(77, 39, 82, 1, 8800, 8800, '2020-12-13 01:46:03', '2020-12-13 01:46:03'),
(78, 40, 47, 2, 8500, 17000, '2020-12-13 01:46:28', '2020-12-13 01:46:28'),
(79, 41, 83, 10, 690, 6900, '2020-12-13 01:47:19', '2020-12-13 01:47:19'),
(80, 41, 84, 40, 685, 27400, '2020-12-13 01:47:19', '2020-12-13 01:47:19'),
(81, 42, 46, 1, 11200, 11200, '2020-12-13 01:47:46', '2020-12-13 01:47:46'),
(82, 42, 57, 2, 10200, 20400, '2020-12-13 01:47:46', '2020-12-13 01:47:46'),
(83, 43, 92, 20, 510, 10200, '2020-12-13 01:48:06', '2020-12-13 01:48:06'),
(84, 44, 92, 20, 510, 10200, '2020-12-13 01:48:52', '2020-12-13 01:48:52'),
(85, 45, 33, 20, 1200, 24000, '2020-12-13 01:49:31', '2020-12-13 01:49:31'),
(86, 45, 59, 1, 22410, 22410, '2020-12-13 01:49:32', '2020-12-13 01:49:32'),
(87, 46, 46, 5, 11200, 56000, '2020-12-13 01:50:36', '2020-12-13 01:50:36'),
(88, 47, 86, 7, 30100, 210700, '2020-12-13 01:51:02', '2020-12-13 01:51:02'),
(89, 47, 87, 35, 15400, 539000, '2020-12-13 01:51:02', '2020-12-13 01:51:02'),
(90, 48, 70, 1, 116800, 116800, '2020-12-13 01:52:12', '2020-12-13 01:52:12'),
(91, 48, 57, 2, 10200, 20400, '2020-12-13 01:52:12', '2020-12-13 01:52:12'),
(92, 49, 33, 20, 1200, 24000, '2020-12-13 01:52:54', '2020-12-13 01:52:54'),
(93, 49, 92, 10, 510, 5100, '2020-12-13 01:52:54', '2020-12-13 01:52:54'),
(94, 50, 34, 1, 2500, 2500, '2020-12-13 01:53:32', '2020-12-13 01:53:32'),
(95, 50, 88, 10, 10060, 100600, '2020-12-13 01:53:32', '2020-12-13 01:53:32'),
(96, 51, 39, 2, 99600, 199200, '2020-12-13 01:53:57', '2020-12-13 01:53:57'),
(97, 51, 52, 10, 9900, 99000, '2020-12-13 01:53:57', '2020-12-13 01:53:57'),
(98, 52, 89, 1, 38400, 38400, '2020-12-13 01:54:33', '2020-12-13 01:54:33'),
(99, 52, 46, 5, 11200, 56000, '2020-12-13 01:54:33', '2020-12-13 01:54:33'),
(100, 53, 45, 12, 12600, 151200, '2020-12-13 01:55:03', '2020-12-13 01:55:03'),
(101, 54, 90, 10, 9300, 93000, '2020-12-13 01:55:28', '2020-12-13 01:55:28'),
(102, 54, 91, 1, 98600, 98600, '2020-12-13 01:55:28', '2020-12-13 01:55:28'),
(103, 55, 89, 1, 38400, 38400, '2020-12-13 01:55:47', '2020-12-13 01:55:47'),
(104, 56, 26, 1, 170700, 170700, '2020-12-13 01:56:29', '2020-12-13 01:56:29'),
(105, 57, 33, 10, 1200, 12000, '2020-12-13 01:57:19', '2020-12-13 01:57:19'),
(106, 57, 94, 1, 4000, 4000, '2020-12-13 01:57:19', '2020-12-13 01:57:19'),
(107, 58, 95, 3, 162500, 487500, '2020-12-13 04:08:23', '2020-12-13 04:08:23'),
(108, 58, 39, 1, 99600, 99600, '2020-12-13 04:08:23', '2020-12-13 04:08:23'),
(109, 59, 96, 1, 32900, 32900, '2020-12-13 05:13:12', '2020-12-13 05:13:12'),
(110, 60, 32, 2, 164500, 329000, '2020-12-13 05:14:54', '2020-12-13 05:14:54'),
(111, 61, 22, 17, 4500, 76500, '2020-12-13 05:16:09', '2020-12-13 05:16:09'),
(112, 62, 33, 10, 1200, 12000, '2020-12-13 05:16:49', '2020-12-13 05:16:49'),
(113, 63, 98, 1, 60300, 60300, '2020-12-13 05:38:03', '2020-12-13 05:38:03'),
(114, 64, 52, 10, 9900, 99000, '2020-12-13 05:40:40', '2020-12-13 05:40:40'),
(115, 65, 57, 1, 10200, 10200, '2020-12-13 05:41:28', '2020-12-13 05:41:28'),
(116, 66, 51, 10, 1640, 16400, '2020-12-13 05:42:34', '2020-12-13 05:42:34'),
(117, 67, 33, 10, 1200, 12000, '2020-12-13 05:43:24', '2020-12-13 05:43:24'),
(118, 68, 57, 1, 10200, 10200, '2020-12-13 05:44:04', '2020-12-13 05:44:04'),
(119, 69, 99, 1, 90600, 90600, '2020-12-13 05:47:26', '2020-12-13 05:47:26'),
(120, 70, 33, 10, 1200, 12000, '2020-12-13 05:47:52', '2020-12-13 05:47:52'),
(121, 71, 21, 1, 7500, 7500, '2020-12-13 05:51:01', '2020-12-13 05:51:01'),
(122, 72, 53, 1, 24100, 24100, '2020-12-13 05:51:16', '2020-12-13 05:51:16'),
(123, 73, 62, 1, 39000, 39000, '2020-12-13 05:52:00', '2020-12-13 05:52:00'),
(124, 74, 96, 1, 32900, 32900, '2020-12-13 05:52:16', '2020-12-13 05:52:16'),
(125, 75, 21, 1, 7500, 7500, '2020-12-13 05:52:34', '2020-12-13 05:52:34'),
(126, 76, 40, 1, 21800, 21800, '2020-12-13 05:53:17', '2020-12-13 05:53:17'),
(127, 77, 23, 1, 248100, 248100, '2020-12-13 05:53:43', '2020-12-13 05:53:43'),
(128, 78, 37, 1, 1600, 1600, '2020-12-13 05:54:06', '2020-12-13 05:54:06'),
(129, 79, 39, 1, 99600, 99600, '2020-12-13 05:54:31', '2020-12-13 05:54:31'),
(130, 79, 20, 1, 15000, 15000, '2020-12-13 05:54:31', '2020-12-13 05:54:31'),
(131, 80, 34, 1, 2500, 2500, '2020-12-13 05:54:58', '2020-12-13 05:54:58'),
(132, 80, 53, 2, 24100, 48200, '2020-12-13 05:54:58', '2020-12-13 05:54:58'),
(133, 81, 98, 1, 60300, 60300, '2020-12-13 05:55:17', '2020-12-13 05:55:17'),
(134, 82, 19, 1, 16500, 16500, '2020-12-13 05:55:27', '2020-12-13 05:55:27'),
(135, 83, 44, 2, 38500, 77000, '2020-12-13 05:55:47', '2020-12-13 05:55:47'),
(136, 84, 21, 1, 7500, 7500, '2020-12-13 05:56:17', '2020-12-13 05:56:17'),
(137, 84, 58, 2, 44200, 88400, '2020-12-13 05:56:17', '2020-12-13 05:56:17'),
(138, 85, 66, 2, 69200, 138400, '2020-12-13 05:56:33', '2020-12-13 05:56:33'),
(139, 86, 82, 2, 8800, 17600, '2020-12-13 05:56:58', '2020-12-13 05:56:58'),
(140, 86, 40, 1, 21800, 21800, '2020-12-13 05:56:58', '2020-12-13 05:56:58'),
(141, 86, 61, 1, 126900, 126900, '2020-12-13 05:56:59', '2020-12-13 05:56:59'),
(142, 87, 65, 1, 120000, 120000, '2020-12-13 05:57:21', '2020-12-13 05:57:21'),
(143, 88, 55, 2, 67500, 135000, '2020-12-13 05:57:48', '2020-12-13 05:57:48'),
(144, 88, 91, 1, 98600, 98600, '2020-12-13 05:57:48', '2020-12-13 05:57:48'),
(145, 89, 86, 1, 30100, 30100, '2020-12-13 05:58:11', '2020-12-13 05:58:11'),
(146, 89, 18, 2, 3460, 6920, '2020-12-13 05:58:11', '2020-12-13 05:58:11'),
(147, 90, 19, 100, 16500, 1650000, '2020-12-19 23:58:12', '2020-12-19 23:58:12'),
(148, 90, 33, 10, 1200, 12000, '2020-12-19 23:58:12', '2020-12-19 23:58:12'),
(149, 90, 77, 2, 164000, 328000, '2020-12-19 23:58:12', '2020-12-19 23:58:12'),
(150, 91, 23, 1, 248100, 248100, '2020-12-19 23:58:32', '2020-12-19 23:58:32');

-- --------------------------------------------------------

--
-- Table structure for table `users`
--

CREATE TABLE `users` (
  `id` bigint(20) UNSIGNED NOT NULL,
  `name` varchar(191) COLLATE utf8mb4_unicode_ci NOT NULL,
  `password` varchar(191) COLLATE utf8mb4_unicode_ci NOT NULL,
  `remember_token` varchar(100) COLLATE utf8mb4_unicode_ci DEFAULT NULL,
  `created_at` timestamp NULL DEFAULT NULL,
  `updated_at` timestamp NULL DEFAULT NULL,
  `username` varchar(191) COLLATE utf8mb4_unicode_ci NOT NULL,
  `role` varchar(50) COLLATE utf8mb4_unicode_ci NOT NULL,
  `status` varchar(255) COLLATE utf8mb4_unicode_ci NOT NULL DEFAULT 'active'
) ENGINE=InnoDB DEFAULT CHARSET=utf8mb4 COLLATE=utf8mb4_unicode_ci;

--
-- Dumping data for table `users`
--

INSERT INTO `users` (`id`, `name`, `password`, `remember_token`, `created_at`, `updated_at`, `username`, `role`, `status`) VALUES
(1, 'JOHANNA CINDY', '$2y$10$XfVuyjKRGGYQvR1yG6tVB.nTLfHalJcq1jjUOyTJ17GNzJmpTgN0K', NULL, '2020-12-13 18:02:14', '2020-12-18 20:19:58', 'CINDY', 'apoteker', 'active'),
(2, 'KADEK YASTIKA', '$2y$10$Mv1JrA1CW9USlo/YmjRnHeq2diHggc4U4DWizHQXUV8O35Qcn313K', NULL, '2020-12-13 18:02:41', '2020-12-18 20:20:08', 'KADEK', 'kepalatoko', 'active');

--
-- Indexes for dumped tables
--

--
-- Indexes for table `category`
--
ALTER TABLE `category`
  ADD PRIMARY KEY (`id`);

--
-- Indexes for table `kartu_stok`
--
ALTER TABLE `kartu_stok`
  ADD PRIMARY KEY (`id`);

--
-- Indexes for table `migrations`
--
ALTER TABLE `migrations`
  ADD PRIMARY KEY (`id`);

--
-- Indexes for table `obat`
--
ALTER TABLE `obat`
  ADD PRIMARY KEY (`id`);

--
-- Indexes for table `pemesanan`
--
ALTER TABLE `pemesanan`
  ADD PRIMARY KEY (`id`);

--
-- Indexes for table `pemesanan_detail`
--
ALTER TABLE `pemesanan_detail`
  ADD PRIMARY KEY (`id`);

--
-- Indexes for table `transaction`
--
ALTER TABLE `transaction`
  ADD PRIMARY KEY (`id`);

--
-- Indexes for table `transaction_detail`
--
ALTER TABLE `transaction_detail`
  ADD PRIMARY KEY (`id`);

--
-- Indexes for table `users`
--
ALTER TABLE `users`
  ADD PRIMARY KEY (`id`);

--
-- AUTO_INCREMENT for dumped tables
--

--
-- AUTO_INCREMENT for table `category`
--
ALTER TABLE `category`
  MODIFY `id` bigint(20) UNSIGNED NOT NULL AUTO_INCREMENT, AUTO_INCREMENT=39;

--
-- AUTO_INCREMENT for table `kartu_stok`
--
ALTER TABLE `kartu_stok`
  MODIFY `id` bigint(20) UNSIGNED NOT NULL AUTO_INCREMENT, AUTO_INCREMENT=109;

--
-- AUTO_INCREMENT for table `migrations`
--
ALTER TABLE `migrations`
  MODIFY `id` int(10) UNSIGNED NOT NULL AUTO_INCREMENT, AUTO_INCREMENT=15;

--
-- AUTO_INCREMENT for table `obat`
--
ALTER TABLE `obat`
  MODIFY `id` bigint(20) UNSIGNED NOT NULL AUTO_INCREMENT, AUTO_INCREMENT=100;

--
-- AUTO_INCREMENT for table `pemesanan`
--
ALTER TABLE `pemesanan`
  MODIFY `id` bigint(20) UNSIGNED NOT NULL AUTO_INCREMENT, AUTO_INCREMENT=9;

--
-- AUTO_INCREMENT for table `pemesanan_detail`
--
ALTER TABLE `pemesanan_detail`
  MODIFY `id` bigint(20) UNSIGNED NOT NULL AUTO_INCREMENT, AUTO_INCREMENT=21;

--
-- AUTO_INCREMENT for table `transaction`
--
ALTER TABLE `transaction`
  MODIFY `id` bigint(20) UNSIGNED NOT NULL AUTO_INCREMENT, AUTO_INCREMENT=92;

--
-- AUTO_INCREMENT for table `transaction_detail`
--
ALTER TABLE `transaction_detail`
  MODIFY `id` bigint(20) UNSIGNED NOT NULL AUTO_INCREMENT, AUTO_INCREMENT=151;

--
-- AUTO_INCREMENT for table `users`
--
ALTER TABLE `users`
  MODIFY `id` bigint(20) UNSIGNED NOT NULL AUTO_INCREMENT, AUTO_INCREMENT=10;
COMMIT;

/*!40101 SET CHARACTER_SET_CLIENT=@OLD_CHARACTER_SET_CLIENT */;
/*!40101 SET CHARACTER_SET_RESULTS=@OLD_CHARACTER_SET_RESULTS */;
/*!40101 SET COLLATION_CONNECTION=@OLD_COLLATION_CONNECTION */;
